"ID","PE_Num","Valence","Arousal","Tech_Routine","Task_Interest","Task_Enjoy","Task_Important","Task_Difficult","Info_Acq","Info_Anal","Decision_Sel","Action_Imp","PE_Agency_IO","PE_Agency_Control","Engagement","Authenticity","AffTech","Age","TechSE","ONET_Auto","Tech_LoA_Avg","Tech_LoA_WAvg","Tech_PEU_Avg","Tech_PEU_WAvg","Tech_PU_Avg","Tech_PU_WAvg","Tech_Rel_Avg","Tech_Rel_WAvg","Tech_Fam_Avg","Tech_Fam_WAvg","Tech_Skill_Avg","Tech_Skill_WAvg","Agency_IO_Avg","Agency_Control_Avg","Agency_Control_PEAvg","Agency_IO_PEAvg"
1,1,0,-4,4,2,3,5,2,NA,NA,1,NA,4,5,4.16666666666667,5,4.9,37,7.7,12,5,5,5.375,5.1875,6.25,6.625,5.66666666666667,5.5,4,4,4,4,4.5,5,5,4
2,1,0,-1,5,4,4,5,4,NA,1,NA,NA,NA,NA,4.16666666666667,5,4.7,32,9,28,3,3,5.4375,5.375,6.5625,6.54166666666667,5.91666666666667,5.94444444444444,3.75,3.83333333333333,3.5,3.66666666666667,4.33333333333333,4,3.5,4
2,2,NA,NA,5,4,3,5,5,1,NA,NA,NA,4,2,3.33333333333333,4,4.7,32,9,28,3,3,5.4375,5.375,6.5625,6.54166666666667,5.91666666666667,5.94444444444444,3.75,3.83333333333333,3.5,3.66666666666667,4.33333333333333,4,3.5,4
2,3,NA,NA,5,2,4,5,4,1,NA,NA,NA,4,5,3.83333333333333,5,4.7,32,9,28,3,3,5.4375,5.375,6.5625,6.54166666666667,5.91666666666667,5.94444444444444,3.75,3.83333333333333,3.5,3.66666666666667,4.33333333333333,4,3.5,4
3,1,-1,2,4,4,4,5,4,1,1,1,NA,5,3.33333333333333,NA,4.66666666666667,4.6,25,9.2,27,4.33333333333333,3.4,4.75,4.65,5.83333333333333,6,5.11111111111111,5.46666666666667,3.66666666666667,3,4.33333333333333,3.8,4.88888888888889,4,3.83333333333333,4.83333333333333
3,2,-3,4,5,5,3,4,5,1,NA,1,NA,NA,NA,4.33333333333333,5,4.6,25,9.2,27,4.33333333333333,3.4,4.75,4.65,5.83333333333333,6,5.11111111111111,5.46666666666667,3.66666666666667,3,4.33333333333333,3.8,4.88888888888889,4,3.83333333333333,4.83333333333333
3,3,-3,1,NA,4,3,5,4,NA,1,NA,NA,4.66666666666667,4.33333333333333,4.5,5,4.6,25,9.2,27,4.33333333333333,3.4,4.75,4.65,5.83333333333333,6,5.11111111111111,5.46666666666667,3.66666666666667,3,4.33333333333333,3.8,4.88888888888889,4,3.83333333333333,4.83333333333333
4,1,2,1,5,4,3,5,1,1,1,1,NA,5,3.33333333333333,4,NA,5,27,9.8,19,3,3,6.375,6.58333333333333,6.5625,6.625,5.83333333333333,6,4.75,4.83333333333333,4.75,4.83333333333333,4.88888888888889,4.22222222222222,3.83333333333333,5
4,2,1,3,5,NA,NA,NA,NA,NA,NA,NA,NA,5,4.33333333333333,4.83333333333333,4.66666666666667,5,27,9.8,19,3,3,6.375,6.58333333333333,6.5625,6.625,5.83333333333333,6,4.75,4.83333333333333,4.75,4.83333333333333,4.88888888888889,4.22222222222222,3.83333333333333,5
4,3,-1,0,5,4,3,5,4,1,1,1,NA,NA,NA,4.5,5,5,27,9.8,19,3,3,6.375,6.58333333333333,6.5625,6.625,5.83333333333333,6,4.75,4.83333333333333,4.75,4.83333333333333,4.88888888888889,4.22222222222222,3.83333333333333,5
5,1,NA,NA,4,1,1,1,1,1,1,1,NA,1.33333333333333,3.33333333333333,6,2.33333333333333,4.5,44,8.9,15,7.25,6.5,4.8125,4.54166666666667,4.375,4.25,5.16666666666667,4.77777777777778,4.5,4.33333333333333,4,4,2.55555555555555,3.44444444444444,3.16666666666667,2.16666666666667
5,2,NA,NA,5,3,4,4,4,NA,NA,NA,NA,NA,NA,6,4,4.5,44,8.9,15,7.25,6.5,4.8125,4.54166666666667,4.375,4.25,5.16666666666667,4.77777777777778,4.5,4.33333333333333,4,4,2.55555555555555,3.44444444444444,3.16666666666667,2.16666666666667
5,3,4,1,4,4,3,2,3,NA,NA,NA,NA,3,3,5,NA,4.5,44,8.9,15,7.25,6.5,4.8125,4.54166666666667,4.375,4.25,5.16666666666667,4.77777777777778,4.5,4.33333333333333,4,4,2.55555555555555,3.44444444444444,3.16666666666667,2.16666666666667
5,4,NA,NA,4,3,3,3,3,NA,NA,NA,NA,2.66666666666667,3.33333333333333,NA,3,4.5,44,8.9,15,7.25,6.5,4.8125,4.54166666666667,4.375,4.25,5.16666666666667,4.77777777777778,4.5,4.33333333333333,4,4,2.55555555555555,3.44444444444444,3.16666666666667,2.16666666666667
6,1,-1,-1,NA,1,1,5,1,1,1,NA,NA,5,5,2.33333333333333,5,2.9,29,8,30,4.5,4.5,6.5,6.5,7,7,6,6,5,5,4.5,4.5,5,5,5,5
6,2,0,3,5,NA,NA,NA,NA,NA,NA,NA,NA,5,5,3.16666666666667,5,2.9,29,8,30,4.5,4.5,6.5,6.5,7,7,6,6,5,5,4.5,4.5,5,5,5,5
6,3,-3,-1,NA,2,2,5,2,1,NA,NA,NA,5,5,2.16666666666667,5,2.9,29,8,30,4.5,4.5,6.5,6.5,7,7,6,6,5,5,4.5,4.5,5,5,5,5
7,1,2,-3,5,NA,NA,NA,NA,NA,NA,NA,NA,4,4,3.83333333333333,4.66666666666667,4.3,25,7.7,20,2,2,6.25,6.41666666666667,6.5625,6.625,6.25,6.16666666666667,4.25,4.5,3,3,4.41666666666667,4.16666666666667,4.33333333333333,4.44444444444444
7,2,2,1,5,4,4,4,2,1,NA,NA,NA,5,4.66666666666667,5.16666666666667,NA,4.3,25,7.7,20,2,2,6.25,6.41666666666667,6.5625,6.625,6.25,6.16666666666667,4.25,4.5,3,3,4.41666666666667,4.16666666666667,4.33333333333333,4.44444444444444
7,3,4,-3,5,NA,NA,NA,NA,NA,NA,NA,NA,4.33333333333333,4.33333333333333,4.83333333333333,4.66666666666667,4.3,25,7.7,20,2,2,6.25,6.41666666666667,6.5625,6.625,6.25,6.16666666666667,4.25,4.5,3,3,4.41666666666667,4.16666666666667,4.33333333333333,4.44444444444444
8,1,4,-2,5,NA,NA,NA,NA,NA,NA,NA,NA,5,3.66666666666667,4.33333333333333,4.33333333333333,4.7,45,9.6,23,6.25,6.5,5.0625,4.54166666666667,7,7,6.83333333333333,6.88888888888889,4.75,4.83333333333333,4.75,4.83333333333333,4.66666666666667,3.77777777777778,3.66666666666667,5
8,2,2,-3,5,3,4,4,2,1,1,NA,NA,5,3.66666666666667,4.33333333333333,NA,4.7,45,9.6,23,6.25,6.5,5.0625,4.54166666666667,7,7,6.83333333333333,6.88888888888889,4.75,4.83333333333333,4.75,4.83333333333333,4.66666666666667,3.77777777777778,3.66666666666667,5
8,3,3,-3,5,3,3,5,3,1,1,1,NA,NA,NA,4.33333333333333,3,4.7,45,9.6,23,6.25,6.5,5.0625,4.54166666666667,7,7,6.83333333333333,6.88888888888889,4.75,4.83333333333333,4.75,4.83333333333333,4.66666666666667,3.77777777777778,3.66666666666667,5
8,4,2,-3,5,3,3,4,3,1,1,1,NA,NA,NA,4.16666666666667,3,4.7,45,9.6,23,6.25,6.5,5.0625,4.54166666666667,7,7,6.83333333333333,6.88888888888889,4.75,4.83333333333333,4.75,4.83333333333333,4.66666666666667,3.77777777777778,3.66666666666667,5
9,1,NA,NA,5,3,4,5,1,1,NA,1,NA,3.33333333333333,3,3,5,3.1,27,6.2,5,6.33333333333333,5.8,6.5,6.6,6.91666666666667,6.95,7,7,4.33333333333333,4.6,3.66666666666667,3.8,4.44444444444444,4.11111111111111,3.83333333333333,4.16666666666667
9,2,1,-2,NA,4,4,5,1,1,1,1,NA,5,4.66666666666667,4.16666666666667,4.33333333333333,3.1,27,6.2,5,6.33333333333333,5.8,6.5,6.6,6.91666666666667,6.95,7,7,4.33333333333333,4.6,3.66666666666667,3.8,4.44444444444444,4.11111111111111,3.83333333333333,4.16666666666667
9,3,0,1,5,5,4,3,1,NA,1,NA,NA,NA,NA,4.5,3.66666666666667,3.1,27,6.2,5,6.33333333333333,5.8,6.5,6.6,6.91666666666667,6.95,7,7,4.33333333333333,4.6,3.66666666666667,3.8,4.44444444444444,4.11111111111111,3.83333333333333,4.16666666666667
10,1,2,3,5,5,4,5,4,NA,NA,1,NA,5,4.66666666666667,NA,5,4.9,63,7.4,18,7.5,7.33333333333333,6,5.91666666666667,6.625,6.75,6.5,6.66666666666667,4.25,4.16666666666667,4.25,4.16666666666667,4.91666666666667,4.66666666666667,4.88888888888889,4.88888888888889
10,2,NA,NA,4,5,4,5,1,1,1,1,NA,5,5,6,5,4.9,63,7.4,18,7.5,7.33333333333333,6,5.91666666666667,6.625,6.75,6.5,6.66666666666667,4.25,4.16666666666667,4.25,4.16666666666667,4.91666666666667,4.66666666666667,4.88888888888889,4.88888888888889
10,3,1,4,5,5,5,5,5,1,NA,1,NA,4.66666666666667,5,NA,5,4.9,63,7.4,18,7.5,7.33333333333333,6,5.91666666666667,6.625,6.75,6.5,6.66666666666667,4.25,4.16666666666667,4.25,4.16666666666667,4.91666666666667,4.66666666666667,4.88888888888889,4.88888888888889
11,1,3,-1,NA,4,5,5,2,1,1,NA,NA,5,4.66666666666667,4.33333333333333,5,5,36,9,23,7.66666666666667,7.66666666666667,4.5,4.5,7,7,4.66666666666667,4.66666666666667,5,5,4.66666666666667,4.66666666666667,4.91666666666667,4.25,4.22222222222222,4.88888888888889
11,2,2,-3,5,NA,NA,NA,NA,NA,NA,NA,NA,5,4,3.5,4.33333333333333,5,36,9,23,7.66666666666667,7.66666666666667,4.5,4.5,7,7,4.66666666666667,4.66666666666667,5,5,4.66666666666667,4.66666666666667,4.91666666666667,4.25,4.22222222222222,4.88888888888889
11,3,0,2,5,NA,NA,NA,NA,NA,NA,NA,NA,4.66666666666667,4,4.16666666666667,5,5,36,9,23,7.66666666666667,7.66666666666667,4.5,4.5,7,7,4.66666666666667,4.66666666666667,5,5,4.66666666666667,4.66666666666667,4.91666666666667,4.25,4.22222222222222,4.88888888888889
12,1,0,3,4,4,3,5,4,1,1,1,NA,4,3,4.83333333333333,NA,3.5,32,7.5,6,4,4.4,5,4.8,6,6,5.11111111111111,4.66666666666667,4.66666666666667,4.8,3.66666666666667,3.8,3.75,3.08333333333333,3,3.66666666666667
12,2,NA,NA,4,4,3,5,3,1,1,NA,NA,4,3,4.83333333333333,4,3.5,32,7.5,6,4,4.4,5,4.8,6,6,5.11111111111111,4.66666666666667,4.66666666666667,4.8,3.66666666666667,3.8,3.75,3.08333333333333,3,3.66666666666667
12,3,-2,1,NA,2,2,5,5,1,1,NA,NA,3,3,4.33333333333333,4,3.5,32,7.5,6,4,4.4,5,4.8,6,6,5.11111111111111,4.66666666666667,4.66666666666667,4.8,3.66666666666667,3.8,3.75,3.08333333333333,3,3.66666666666667
13,1,4,-1,NA,3,3,5,2,1,1,1,NA,5,4.33333333333333,6.83333333333333,5,5,25,9.3,19,6,6,6.375,6.375,7,7,6.66666666666667,6.66666666666667,5,5,3.5,3.5,5,4.66666666666667,4.55555555555555,5
13,2,1,3,NA,4,3,5,2,NA,NA,1,NA,5,5,6.83333333333333,5,5,25,9.3,19,6,6,6.375,6.375,7,7,6.66666666666667,6.66666666666667,5,5,3.5,3.5,5,4.66666666666667,4.55555555555555,5
13,3,NA,NA,5,4,5,5,1,NA,1,1,NA,5,4.33333333333333,5.66666666666667,5,5,25,9.3,19,6,6,6.375,6.375,7,7,6.66666666666667,6.66666666666667,5,5,3.5,3.5,5,4.66666666666667,4.55555555555555,5
14,1,3,0,4,5,5,5,2,1,1,1,NA,5,5,NA,5,5,34,10,14,8,8,4.1875,4.20833333333333,7,7,7,7,2,2,2,2,4.16666666666667,5,5,3.88888888888889
14,2,3,0,4,5,5,5,5,1,1,1,NA,4,5,NA,5,5,34,10,14,8,8,4.1875,4.20833333333333,7,7,7,7,2,2,2,2,4.16666666666667,5,5,3.88888888888889
14,3,3,0,4,NA,NA,NA,NA,NA,NA,NA,NA,2.66666666666667,5,5.5,5,5,34,10,14,8,8,4.1875,4.20833333333333,7,7,7,7,2,2,2,2,4.16666666666667,5,5,3.88888888888889
15,1,3,2,5,4,4,4,2,1,NA,NA,NA,5,5,4.5,NA,4.6,28,8.6,21,4.25,4.16666666666667,4.9375,4.95833333333333,6.4375,6.20833333333333,6.58333333333333,6.72222222222222,4.5,4.66666666666667,4.75,4.83333333333333,4.41666666666667,4.75,4.77777777777778,4.44444444444444
15,2,3,1,5,4,4,4,4,1,1,NA,NA,5,5,4.33333333333333,3,4.6,28,8.6,21,4.25,4.16666666666667,4.9375,4.95833333333333,6.4375,6.20833333333333,6.58333333333333,6.72222222222222,4.5,4.66666666666667,4.75,4.83333333333333,4.41666666666667,4.75,4.77777777777778,4.44444444444444
15,3,-2,3,2,5,4,5,5,1,1,NA,NA,3.33333333333333,4.33333333333333,6,3,4.6,28,8.6,21,4.25,4.16666666666667,4.9375,4.95833333333333,6.4375,6.20833333333333,6.58333333333333,6.72222222222222,4.5,4.66666666666667,4.75,4.83333333333333,4.41666666666667,4.75,4.77777777777778,4.44444444444444
16,1,-2,4,5,2,2,5,1,1,1,NA,NA,5,5,NA,5,2.4,38,8.7,32,3.25,2.83333333333333,5.5,5.5,6.5,6.66666666666667,6.25,6.16666666666667,4.75,4.83333333333333,4.5,4.66666666666667,4.83333333333333,4.83333333333333,4.77777777777778,4.88888888888889
16,2,NA,NA,5,3,3,5,1,NA,1,NA,NA,5,4.33333333333333,4.83333333333333,5,2.4,38,8.7,32,3.25,2.83333333333333,5.5,5.5,6.5,6.66666666666667,6.25,6.16666666666667,4.75,4.83333333333333,4.5,4.66666666666667,4.83333333333333,4.83333333333333,4.77777777777778,4.88888888888889
16,3,1,3,4,5,4,5,5,1,1,NA,NA,4.66666666666667,5,5.16666666666667,NA,2.4,38,8.7,32,3.25,2.83333333333333,5.5,5.5,6.5,6.66666666666667,6.25,6.16666666666667,4.75,4.83333333333333,4.5,4.66666666666667,4.83333333333333,4.83333333333333,4.77777777777778,4.88888888888889
17,1,4,0,5,2,2,5,2,1,1,NA,NA,4,2,3.33333333333333,NA,4.4,29,9.7,15,2.5,2.33333333333333,5.3125,4.95833333333333,6.8125,6.79166666666667,5.41666666666667,5.27777777777778,3.75,3.83333333333333,3.25,3.16666666666667,4.33333333333333,2.88888888888889,3.5,4.5
17,2,2,4,5,1,1,5,1,1,NA,NA,NA,NA,NA,7,3,4.4,29,9.7,15,2.5,2.33333333333333,5.3125,4.95833333333333,6.8125,6.79166666666667,5.41666666666667,5.27777777777778,3.75,3.83333333333333,3.25,3.16666666666667,4.33333333333333,2.88888888888889,3.5,4.5
17,3,4,2,2,4,4,3,2,1,NA,NA,NA,5,5,NA,5,4.4,29,9.7,15,2.5,2.33333333333333,5.3125,4.95833333333333,6.8125,6.79166666666667,5.41666666666667,5.27777777777778,3.75,3.83333333333333,3.25,3.16666666666667,4.33333333333333,2.88888888888889,3.5,4.5
18,1,2,1,4,5,4,5,2,NA,NA,1,NA,4.66666666666667,5,5.16666666666667,4.33333333333333,4.9,33,7.9,25,6.25,5.83333333333333,5.1875,4.79166666666667,6.5625,6.70833333333333,6.66666666666667,6.66666666666667,4.25,4.5,4,4,4.75,4.91666666666667,5,4.88888888888889
18,2,-3,2,3,2,3,2,1,1,1,NA,NA,5,5,3.66666666666667,3,4.9,33,7.9,25,6.25,5.83333333333333,5.1875,4.79166666666667,6.5625,6.70833333333333,6.66666666666667,6.66666666666667,4.25,4.5,4,4,4.75,4.91666666666667,5,4.88888888888889
18,3,4,2,4,3,4,4,2,1,1,1,NA,5,5,5.83333333333333,4.33333333333333,4.9,33,7.9,25,6.25,5.83333333333333,5.1875,4.79166666666667,6.5625,6.70833333333333,6.66666666666667,6.66666666666667,4.25,4.5,4,4,4.75,4.91666666666667,5,4.88888888888889
19,1,0,0,NA,2,2,5,1,1,1,1,NA,4,4,4,4,3.7,45,8.7,19,3,3,6,6,6.16666666666667,6.16666666666667,5.88888888888889,5.88888888888889,4,4,3.33333333333333,3.33333333333333,4.08333333333333,3.75,3.66666666666667,4.11111111111111
19,2,0,1,5,3,3,5,2,1,NA,NA,NA,4.33333333333333,4,2.83333333333333,NA,3.7,45,8.7,19,3,3,6,6,6.16666666666667,6.16666666666667,5.88888888888889,5.88888888888889,4,4,3.33333333333333,3.33333333333333,4.08333333333333,3.75,3.66666666666667,4.11111111111111
19,3,0,0,5,4,3,4,2,1,NA,1,NA,4,3,3.16666666666667,4,3.7,45,8.7,19,3,3,6,6,6.16666666666667,6.16666666666667,5.88888888888889,5.88888888888889,4,4,3.33333333333333,3.33333333333333,4.08333333333333,3.75,3.66666666666667,4.11111111111111
19,4,-1,-2,5,2,2,5,2,1,NA,1,NA,4,4,2.66666666666667,4,3.7,45,8.7,19,3,3,6,6,6.16666666666667,6.16666666666667,5.88888888888889,5.88888888888889,4,4,3.33333333333333,3.33333333333333,4.08333333333333,3.75,3.66666666666667,4.11111111111111
20,1,0,0,4,3,3,5,1,1,1,1,NA,5,5,NA,5,4.4,37,9.5,9,6.75,6.83333333333333,5.9375,6.20833333333333,6.625,6.75,6.75,6.83333333333333,4.75,4.83333333333333,4.75,4.83333333333333,5,5,5,5
20,2,0,0,5,NA,NA,NA,NA,NA,NA,NA,NA,5,5,4.5,5,4.4,37,9.5,9,6.75,6.83333333333333,5.9375,6.20833333333333,6.625,6.75,6.75,6.83333333333333,4.75,4.83333333333333,4.75,4.83333333333333,5,5,5,5
20,3,2,2,5,1,2,5,1,NA,1,1,NA,NA,NA,3.83333333333333,5,4.4,37,9.5,9,6.75,6.83333333333333,5.9375,6.20833333333333,6.625,6.75,6.75,6.83333333333333,4.75,4.83333333333333,4.75,4.83333333333333,5,5,5,5
21,1,0,0,NA,4,4,2,3,NA,NA,1,NA,3.66666666666667,4,4,4,3.1,24,5.2,28,5,5,5.25,5.25,5.625,5.625,5.5,5.5,3.5,3.5,3.5,3.5,4.33333333333333,4,3.66666666666667,4.22222222222222
21,2,-1,0,3,4,4,4,4,NA,1,NA,NA,4.33333333333333,4,NA,3.33333333333333,3.1,24,5.2,28,5,5,5.25,5.25,5.625,5.625,5.5,5.5,3.5,3.5,3.5,3.5,4.33333333333333,4,3.66666666666667,4.22222222222222
21,3,-2,-3,NA,4,4,2,4,NA,1,1,NA,4.66666666666667,3,3.66666666666667,3.66666666666667,3.1,24,5.2,28,5,5,5.25,5.25,5.625,5.625,5.5,5.5,3.5,3.5,3.5,3.5,4.33333333333333,4,3.66666666666667,4.22222222222222
21,4,3,-1,5,3,4,4,1,1,NA,1,NA,3.66666666666667,4,4,3.33333333333333,3.1,24,5.2,28,5,5,5.25,5.25,5.625,5.625,5.5,5.5,3.5,3.5,3.5,3.5,4.33333333333333,4,3.66666666666667,4.22222222222222
22,1,NA,NA,4,3,3,4,2,1,NA,NA,NA,4.33333333333333,4,3.66666666666667,4,4,24,5.6,34,4.75,4.83333333333333,5.125,5.25,4.6875,4.79166666666667,4.83333333333333,5,3.25,3.16666666666667,3.25,3.16666666666667,3.83333333333333,3.83333333333333,3.77777777777778,3.77777777777778
22,2,1,-2,3,4,4,4,4,1,NA,NA,NA,3.33333333333333,4,2.5,3.66666666666667,4,24,5.6,34,4.75,4.83333333333333,5.125,5.25,4.6875,4.79166666666667,4.83333333333333,5,3.25,3.16666666666667,3.25,3.16666666666667,3.83333333333333,3.83333333333333,3.77777777777778,3.77777777777778
22,3,-2,1,4,3,3,4,2,NA,NA,NA,NA,3.66666666666667,3.33333333333333,2.33333333333333,4,4,24,5.6,34,4.75,4.83333333333333,5.125,5.25,4.6875,4.79166666666667,4.83333333333333,5,3.25,3.16666666666667,3.25,3.16666666666667,3.83333333333333,3.83333333333333,3.77777777777778,3.77777777777778
23,1,4,-1,4,2,3,5,3,1,1,1,NA,5,4,4.33333333333333,5,4.3,24,8.6,21,7.5,7.66666666666667,5.25,5.25,7,7,6.83333333333333,6.88888888888889,3,3,2.75,2.83333333333333,5,4,4.33333333333333,5
23,2,-2,-1,5,3,4,4,2,1,1,1,NA,5,5,3.83333333333333,5,4.3,24,8.6,21,7.5,7.66666666666667,5.25,5.25,7,7,6.83333333333333,6.88888888888889,3,3,2.75,2.83333333333333,5,4,4.33333333333333,5
23,3,1,-2,4,2,3,4,2,NA,1,1,NA,5,4,3.83333333333333,5,4.3,24,8.6,21,7.5,7.66666666666667,5.25,5.25,7,7,6.83333333333333,6.88888888888889,3,3,2.75,2.83333333333333,5,4,4.33333333333333,5
24,1,2,4,4,NA,NA,NA,NA,NA,NA,NA,NA,5,5,5.33333333333333,5,3.7,48,6.4,25,1.25,1.16666666666667,5.3125,5.20833333333333,6.25,6.5,5.75,5.61111111111111,4,4,4,4,5,5,5,5
24,2,2,1,4,4,4,5,1,1,1,NA,NA,5,5,6,4.66666666666667,3.7,48,6.4,25,1.25,1.16666666666667,5.3125,5.20833333333333,6.25,6.5,5.75,5.61111111111111,4,4,4,4,5,5,5,5
24,3,0,3,5,3,3,5,2,1,1,NA,NA,5,5,5.16666666666667,4.66666666666667,3.7,48,6.4,25,1.25,1.16666666666667,5.3125,5.20833333333333,6.25,6.5,5.75,5.61111111111111,4,4,4,4,5,5,5,5
24,4,NA,NA,NA,NA,NA,NA,NA,NA,NA,NA,NA,NA,NA,NA,NA,3.7,48,6.4,25,1.25,1.16666666666667,5.3125,5.20833333333333,6.25,6.5,5.75,5.61111111111111,4,4,4,4,5,5,5,5
25,1,1,3,4,3,3,5,2,NA,1,NA,NA,5,5,5.83333333333333,5,5,24,9.5,20,6.75,7.5,6.75,6.83333333333333,6.875,6.83333333333333,6.83333333333333,6.66666666666666,4.75,4.83333333333333,4.25,4.5,5,4.75,5,5
25,2,1,2,5,5,5,4,4,NA,NA,1,NA,5,5,7,5,5,24,9.5,20,6.75,7.5,6.75,6.83333333333333,6.875,6.83333333333333,6.83333333333333,6.66666666666666,4.75,4.83333333333333,4.25,4.5,5,4.75,5,5
25,3,-1,1,5,3,4,4,2,NA,1,NA,NA,5,5,4.16666666666667,4,5,24,9.5,20,6.75,7.5,6.75,6.83333333333333,6.875,6.83333333333333,6.83333333333333,6.66666666666666,4.75,4.83333333333333,4.25,4.5,5,4.75,5,5
26,1,1,-1,4,5,4,5,3,1,1,1,NA,NA,NA,4.33333333333333,5,4.5,28,9.1,20,3.25,3.16666666666667,5.5,5.75,7,7,5.08333333333333,4.94444444444445,4.5,4.66666666666667,4,4,4.66666666666667,4.88888888888889,4.83333333333333,4.5
26,2,0,2,5,4,2,5,2,1,NA,NA,NA,5,4.66666666666667,4,5,4.5,28,9.1,20,3.25,3.16666666666667,5.5,5.75,7,7,5.08333333333333,4.94444444444445,4.5,4.66666666666667,4,4,4.66666666666667,4.88888888888889,4.83333333333333,4.5
26,3,4,3,5,4,3,5,2,1,1,NA,NA,4,5,4.16666666666667,5,4.5,28,9.1,20,3.25,3.16666666666667,5.5,5.75,7,7,5.08333333333333,4.94444444444445,4.5,4.66666666666667,4,4,4.66666666666667,4.88888888888889,4.83333333333333,4.5
27,1,3,3,5,4,4,4,3,1,NA,NA,NA,5,5,6,NA,4,60,8,11,1.75,1.83333333333333,5.75,5.83333333333333,1.1875,1.125,4,4.33333333333333,3.75,3.83333333333333,3.75,3.83333333333333,4.33333333333333,4.25,4.66666666666667,4.66666666666667
27,2,3,4,4,3,3,4,2,NA,1,NA,NA,4,4,6,5,4,60,8,11,1.75,1.83333333333333,5.75,5.83333333333333,1.1875,1.125,4,4.33333333333333,3.75,3.83333333333333,3.75,3.83333333333333,4.33333333333333,4.25,4.66666666666667,4.66666666666667
27,3,3,3,4,3,3,4,3,NA,1,NA,NA,5,5,6,5,4,60,8,11,1.75,1.83333333333333,5.75,5.83333333333333,1.1875,1.125,4,4.33333333333333,3.75,3.83333333333333,3.75,3.83333333333333,4.33333333333333,4.25,4.66666666666667,4.66666666666667
28,1,-4,4,5,4,2,5,5,NA,1,NA,NA,NA,NA,7,4.33333333333333,5,37,7.6,6,8.66666666666667,8.8,6.91666666666667,6.95,7,7,7,7,5,5,5,5,5,4.83333333333333,5,5
28,2,0,3,5,5,5,5,5,NA,1,NA,NA,5,5,7,5,5,37,7.6,6,8.66666666666667,8.8,6.91666666666667,6.95,7,7,7,7,5,5,5,5,5,4.83333333333333,5,5
29,1,4,-2,2,4,4,4,1,1,1,1,NA,5,5,4.83333333333333,3,4.6,30,8.4,24,2.75,2.83333333333333,6.6875,6.79166666666667,5.75,6.08333333333333,6.25,6.16666666666667,3.75,3.5,2.75,2.83333333333333,4.66666666666667,5,5,4.66666666666667
29,2,2,1,5,1,3,4,1,1,NA,NA,NA,5,5,5.33333333333333,3,4.6,30,8.4,24,2.75,2.83333333333333,6.6875,6.79166666666667,5.75,6.08333333333333,6.25,6.16666666666667,3.75,3.5,2.75,2.83333333333333,4.66666666666667,5,5,4.66666666666667
29,3,-2,3,5,2,2,3,1,1,NA,NA,NA,4,5,3.5,4.33333333333333,4.6,30,8.4,24,2.75,2.83333333333333,6.6875,6.79166666666667,5.75,6.08333333333333,6.25,6.16666666666667,3.75,3.5,2.75,2.83333333333333,4.66666666666667,5,5,4.66666666666667
30,1,1,-1,5,3,2,5,1,1,NA,NA,NA,4.66666666666667,5,3.33333333333333,4.33333333333333,4.2,26,6.9,21,2.25,2.16666666666667,6.6875,6.70833333333333,7,7,6.41666666666667,6.5,4.75,4.83333333333333,4.75,4.83333333333333,4.91666666666667,4.83333333333333,5,4.88888888888889
30,2,2,0,5,4,4,5,2,NA,NA,NA,NA,5,5,3.33333333333333,4,4.2,26,6.9,21,2.25,2.16666666666667,6.6875,6.70833333333333,7,7,6.41666666666667,6.5,4.75,4.83333333333333,4.75,4.83333333333333,4.91666666666667,4.83333333333333,5,4.88888888888889
30,3,2,0,5,4,3,5,1,1,1,NA,NA,5,5,4,5,4.2,26,6.9,21,2.25,2.16666666666667,6.6875,6.70833333333333,7,7,6.41666666666667,6.5,4.75,4.83333333333333,4.75,4.83333333333333,4.91666666666667,4.83333333333333,5,4.88888888888889
31,1,3,2,4,5,4,5,3,1,1,1,NA,5,5,6,5,3.7,41,8.2,6,5.5,5,4.875,4.91666666666667,6.0625,6.375,5,5.33333333333333,4,4,4,4,4.25,4.75,4.66666666666667,4
31,2,-2,1,4,4,2,2,3,NA,NA,1,NA,2,4,6,5,3.7,41,8.2,6,5.5,5,4.875,4.91666666666667,6.0625,6.375,5,5.33333333333333,4,4,4,4,4.25,4.75,4.66666666666667,4
31,3,4,1,4,5,5,5,3,NA,1,NA,NA,5,5,7,5,3.7,41,8.2,6,5.5,5,4.875,4.91666666666667,6.0625,6.375,5,5.33333333333333,4,4,4,4,4.25,4.75,4.66666666666667,4
32,1,0,3,5,3,2,5,2,NA,NA,1,NA,4.33333333333333,5,4.83333333333333,5,4.9,34,9.1,15,1.25,1.5,6,5.83333333333333,6.875,6.91666666666667,6.75,6.72222222222222,4.75,4.83333333333333,4.75,4.83333333333333,4.83333333333333,4.91666666666667,5,4.77777777777778
32,2,3,-2,5,4,3,4,2,NA,NA,1,NA,5,5,4.83333333333333,4,4.9,34,9.1,15,1.25,1.5,6,5.83333333333333,6.875,6.91666666666667,6.75,6.72222222222222,4.75,4.83333333333333,4.75,4.83333333333333,4.83333333333333,4.91666666666667,5,4.77777777777778
32,3,3,-2,5,5,5,5,1,NA,NA,1,NA,5,5,5.16666666666667,5,4.9,34,9.1,15,1.25,1.5,6,5.83333333333333,6.875,6.91666666666667,6.75,6.72222222222222,4.75,4.83333333333333,4.75,4.83333333333333,4.83333333333333,4.91666666666667,5,4.77777777777778
33,1,NA,NA,3,3,3,3,3,NA,NA,1,NA,5,5,4,3,3,22,6.4,21,5.5,5.33333333333333,4.75,4.83333333333333,5,5,5.08333333333333,5.05555555555556,3.25,3.16666666666667,3,3,3.58333333333333,3.5,3.66666666666667,4.11111111111111
33,2,3,-1,4,3,3,4,2,NA,NA,1,NA,3,3,NA,3,3,22,6.4,21,5.5,5.33333333333333,4.75,4.83333333333333,5,5,5.08333333333333,5.05555555555556,3.25,3.16666666666667,3,3,3.58333333333333,3.5,3.66666666666667,4.11111111111111
33,3,NA,NA,4,3,3,3,3,NA,NA,1,NA,4.33333333333333,3,4,3,3,22,6.4,21,5.5,5.33333333333333,4.75,4.83333333333333,5,5,5.08333333333333,5.05555555555556,3.25,3.16666666666667,3,3,3.58333333333333,3.5,3.66666666666667,4.11111111111111
34,1,3,-3,4,4,4,5,2,1,NA,1,NA,4,4.33333333333333,3.66666666666667,3,4.1,26,8.8,18,8,8,5.8125,6.04166666666667,6.875,6.91666666666667,5.83333333333333,5.88888888888889,3.75,3.83333333333333,3,3,4.16666666666667,4.58333333333333,4.44444444444444,4.22222222222222
34,2,3,0,5,4,4,5,2,1,NA,1,NA,4.66666666666667,5,5.5,4,4.1,26,8.8,18,8,8,5.8125,6.04166666666667,6.875,6.91666666666667,5.83333333333333,5.88888888888889,3.75,3.83333333333333,3,3,4.16666666666667,4.58333333333333,4.44444444444444,4.22222222222222
34,3,NA,NA,5,4,4,5,2,1,1,1,NA,4,4,5.16666666666667,5,4.1,26,8.8,18,8,8,5.8125,6.04166666666667,6.875,6.91666666666667,5.83333333333333,5.88888888888889,3.75,3.83333333333333,3,3,4.16666666666667,4.58333333333333,4.44444444444444,4.22222222222222
35,1,2,0,5,3,3,5,2,1,NA,NA,NA,2,4,NA,5,5,26,6.9,31,4.66666666666667,3.6,6.08333333333333,6.15,6.33333333333333,6.1,7,7,5,5,5,5,4,4.41666666666667,4.44444444444444,4
35,2,NA,NA,5,1,3,5,1,NA,NA,NA,NA,5,5,4,3.66666666666667,5,26,6.9,31,4.66666666666667,3.6,6.08333333333333,6.15,6.33333333333333,6.1,7,7,5,5,5,5,4,4.41666666666667,4.44444444444444,4
35,3,1,1,NA,3,3,5,1,NA,NA,NA,NA,5,4.33333333333333,4,4,5,26,6.9,31,4.66666666666667,3.6,6.08333333333333,6.15,6.33333333333333,6.1,7,7,5,5,5,5,4,4.41666666666667,4.44444444444444,4
35,4,0,0,5,3,3,5,5,1,NA,NA,NA,5,5,NA,5,5,26,6.9,31,4.66666666666667,3.6,6.08333333333333,6.15,6.33333333333333,6.1,7,7,5,5,5,5,4,4.41666666666667,4.44444444444444,4
36,1,4,-1,5,4,5,5,1,1,NA,1,NA,5,4.33333333333333,5.66666666666667,5,2.3,46,6.4,18,4.75,4.83333333333333,6.875,6.91666666666667,7,7,6.58333333333333,6.61111111111111,4.75,4.83333333333333,4.25,4.16666666666667,4.91666666666667,4.16666666666667,4.22222222222222,5
36,2,4,0,5,5,5,5,1,NA,NA,NA,NA,5,4,6.83333333333333,5,2.3,46,6.4,18,4.75,4.83333333333333,6.875,6.91666666666667,7,7,6.58333333333333,6.61111111111111,4.75,4.83333333333333,4.25,4.16666666666667,4.91666666666667,4.16666666666667,4.22222222222222,5
36,3,0,1,5,3,3,5,1,NA,NA,NA,NA,5,4.33333333333333,4.33333333333333,4.66666666666667,2.3,46,6.4,18,4.75,4.83333333333333,6.875,6.91666666666667,7,7,6.58333333333333,6.61111111111111,4.75,4.83333333333333,4.25,4.16666666666667,4.91666666666667,4.16666666666667,4.22222222222222,5
37,1,4,-4,5,4,4,5,1,1,NA,NA,NA,5,5,5.33333333333333,5,4.4,39,8.3,10,9,9.33333333333333,5.375,5.75,6.9375,6.95833333333333,5.16666666666667,5.44444444444444,4.5,4.66666666666667,4,4,4.08333333333333,4,4.33333333333333,4.11111111111111
37,2,4,1,3,2,4,5,2,1,NA,NA,NA,5,5,6.66666666666667,5,4.4,39,8.3,10,9,9.33333333333333,5.375,5.75,6.9375,6.95833333333333,5.16666666666667,5.44444444444444,4.5,4.66666666666667,4,4,4.08333333333333,4,4.33333333333333,4.11111111111111
37,3,0,-4,4,5,2,5,5,1,NA,NA,NA,2.33333333333333,3,5.33333333333333,5,4.4,39,8.3,10,9,9.33333333333333,5.375,5.75,6.9375,6.95833333333333,5.16666666666667,5.44444444444444,4.5,4.66666666666667,4,4,4.08333333333333,4,4.33333333333333,4.11111111111111
38,1,2,2,4,3,3,4,3,1,1,NA,NA,4.33333333333333,4,4.5,5,3.4,28,7.2,25,3,3,5.125,5.16666666666667,5.625,5.66666666666667,5.5,5.55555555555556,3.5,3.66666666666667,3,3,3.91666666666667,3.75,3.66666666666667,4.11111111111111
38,2,2,-1,5,3,3,4,3,1,1,1,NA,4,3.66666666666667,5,4,3.4,28,7.2,25,3,3,5.125,5.16666666666667,5.625,5.66666666666667,5.5,5.55555555555556,3.5,3.66666666666667,3,3,3.91666666666667,3.75,3.66666666666667,4.11111111111111
38,3,2,2,4,4,3,4,4,1,1,NA,NA,4,3.33333333333333,4.66666666666667,4.66666666666667,3.4,28,7.2,25,3,3,5.125,5.16666666666667,5.625,5.66666666666667,5.5,5.55555555555556,3.5,3.66666666666667,3,3,3.91666666666667,3.75,3.66666666666667,4.11111111111111
39,1,-1,3,4,3,3,5,1,NA,1,NA,NA,4.33333333333333,5,4.33333333333333,NA,5,26,6.9,15,6.5,6.66666666666667,5.625,5,6.6875,6.375,4.16666666666667,4.11111111111111,4.75,4.5,3.5,3.33333333333333,3.88888888888889,5,5,3.66666666666667
39,2,3,-2,4,3,1,5,5,1,1,NA,NA,NA,NA,4.16666666666667,5,5,26,6.9,15,6.5,6.66666666666667,5.625,5,6.6875,6.375,4.16666666666667,4.11111111111111,4.75,4.5,3.5,3.33333333333333,3.88888888888889,5,5,3.66666666666667
39,3,0,-2,4,NA,NA,NA,NA,NA,NA,NA,NA,3,5,3.16666666666667,5,5,26,6.9,15,6.5,6.66666666666667,5.625,5,6.6875,6.375,4.16666666666667,4.11111111111111,4.75,4.5,3.5,3.33333333333333,3.88888888888889,5,5,3.66666666666667
40,1,3,0,3,3,3,4,2,NA,1,NA,NA,4,3.66666666666667,4.33333333333333,5,4.5,36,6.7,19,6.25,6.5,5.25,5.16666666666667,4.5,4.5,5.33333333333333,5.55555555555556,3.5,3.66666666666667,3.5,3.66666666666667,3.91666666666667,3.33333333333333,3.44444444444445,3.88888888888889
40,2,-1,1,2,2,3,4,2,NA,1,NA,NA,3,2.66666666666667,4,4,4.5,36,6.7,19,6.25,6.5,5.25,5.16666666666667,4.5,4.5,5.33333333333333,5.55555555555556,3.5,3.66666666666667,3.5,3.66666666666667,3.91666666666667,3.33333333333333,3.44444444444445,3.88888888888889
40,3,1,-1,4,3,2,3,2,1,NA,1,NA,4.66666666666667,4,4.66666666666667,4,4.5,36,6.7,19,6.25,6.5,5.25,5.16666666666667,4.5,4.5,5.33333333333333,5.55555555555556,3.5,3.66666666666667,3.5,3.66666666666667,3.91666666666667,3.33333333333333,3.44444444444445,3.88888888888889
41,1,0,3,5,1,1,5,1,1,1,NA,NA,4,4,2.5,3,3.6,27,6.8,13,5,5,6.625,6.58333333333333,5.25,5.08333333333333,6.25,6.16666666666667,5,5,4.75,4.83333333333333,4.33333333333333,4.5,4.33333333333333,4.44444444444445
41,2,-4,2,5,1,1,4,1,1,1,NA,NA,4.66666666666667,5,1.16666666666667,3.66666666666667,3.6,27,6.8,13,5,5,6.625,6.58333333333333,5.25,5.08333333333333,6.25,6.16666666666667,5,5,4.75,4.83333333333333,4.33333333333333,4.5,4.33333333333333,4.44444444444445
41,3,2,2,5,1,1,5,2,1,1,NA,NA,4.66666666666667,4,3.16666666666667,4,3.6,27,6.8,13,5,5,6.625,6.58333333333333,5.25,5.08333333333333,6.25,6.16666666666667,5,5,4.75,4.83333333333333,4.33333333333333,4.5,4.33333333333333,4.44444444444445
42,1,-2,1,1,3,2,4,1,1,NA,NA,NA,4,3,3.33333333333333,5,4,27,8.7,19,8,8,5.6875,5.70833333333333,6.375,6.16666666666667,5.83333333333333,5.88888888888889,4.75,4.83333333333333,4,4,4,3,3,4
42,2,0,-3,4,4,3,4,1,1,1,NA,NA,4,3,3.5,5,4,27,8.7,19,8,8,5.6875,5.70833333333333,6.375,6.16666666666667,5.83333333333333,5.88888888888889,4.75,4.83333333333333,4,4,4,3,3,4
42,3,3,2,4,4,3,5,3,1,1,NA,NA,4,3,5.83333333333333,5,4,27,8.7,19,8,8,5.6875,5.70833333333333,6.375,6.16666666666667,5.83333333333333,5.88888888888889,4.75,4.83333333333333,4,4,4,3,3,4
43,1,-2,-3,5,2,2,5,3,NA,1,NA,NA,3.66666666666667,3,1,4.33333333333333,4.2,27,8,23,3,3,2.75,2.66666666666667,3.75,3.66666666666667,2.83333333333333,2.66666666666666,3.25,3.5,2.75,2.83333333333333,3.58333333333333,2.83333333333333,2.44444444444444,3.88888888888889
43,2,2,0,2,3,3,4,4,1,1,NA,NA,4,2.33333333333333,2.16666666666667,3.33333333333333,4.2,27,8,23,3,3,2.75,2.66666666666667,3.75,3.66666666666667,2.83333333333333,2.66666666666666,3.25,3.5,2.75,2.83333333333333,3.58333333333333,2.83333333333333,2.44444444444444,3.88888888888889
43,3,-1,1,4,2,2,4,4,1,1,NA,NA,4,2,4.16666666666667,4,4.2,27,8,23,3,3,2.75,2.66666666666667,3.75,3.66666666666667,2.83333333333333,2.66666666666666,3.25,3.5,2.75,2.83333333333333,3.58333333333333,2.83333333333333,2.44444444444444,3.88888888888889
44,1,-2,1,5,2,1,4,2,1,NA,1,NA,4.33333333333333,1.66666666666667,2.83333333333333,4,4.1,25,7.8,23,6.25,6.16666666666667,4.4375,4.70833333333333,4.8125,4.875,5.08333333333333,4.83333333333333,3.5,3.66666666666667,3.5,3.66666666666667,3.91666666666667,2.58333333333333,2.11111111111111,4.44444444444444
44,2,-2,0,5,2,1,3,2,1,NA,1,NA,4,2,2,4,4.1,25,7.8,23,6.25,6.16666666666667,4.4375,4.70833333333333,4.8125,4.875,5.08333333333333,4.83333333333333,3.5,3.66666666666667,3.5,3.66666666666667,3.91666666666667,2.58333333333333,2.11111111111111,4.44444444444444
44,3,-3,3,4,1,1,4,2,1,NA,1,NA,5,2.66666666666667,2.66666666666667,3.33333333333333,4.1,25,7.8,23,6.25,6.16666666666667,4.4375,4.70833333333333,4.8125,4.875,5.08333333333333,4.83333333333333,3.5,3.66666666666667,3.5,3.66666666666667,3.91666666666667,2.58333333333333,2.11111111111111,4.44444444444444
46,1,1,-4,5,3,3,5,1,1,1,1,NA,3.66666666666667,4.33333333333333,4.83333333333333,3,4.6,28,10,18,5.75,6.16666666666667,6.875,6.83333333333333,6.8125,6.875,7,7,3.5,3.33333333333333,3.5,3.33333333333333,4.5,3.33333333333333,3.44444444444444,4.55555555555556
46,2,2,0,5,3,4,4,2,1,1,1,NA,5,3,5.16666666666667,3,4.6,28,10,18,5.75,6.16666666666667,6.875,6.83333333333333,6.8125,6.875,7,7,3.5,3.33333333333333,3.5,3.33333333333333,4.5,3.33333333333333,3.44444444444444,4.55555555555556
46,3,2,0,5,3,3,4,3,1,1,1,NA,5,3,5.16666666666667,3,4.6,28,10,18,5.75,6.16666666666667,6.875,6.83333333333333,6.8125,6.875,7,7,3.5,3.33333333333333,3.5,3.33333333333333,4.5,3.33333333333333,3.44444444444444,4.55555555555556
46,4,1,-1,5,4,3,4,2,1,1,1,NA,5,3,5.16666666666667,3,4.6,28,10,18,5.75,6.16666666666667,6.875,6.83333333333333,6.8125,6.875,7,7,3.5,3.33333333333333,3.5,3.33333333333333,4.5,3.33333333333333,3.44444444444444,4.55555555555556
47,1,NA,NA,5,4,5,5,1,NA,1,NA,NA,5,5,6,5,4.9,47,8,18,8.25,8.5,6.5625,6.625,7,7,7,7,4.25,4.16666666666667,4,4,5,5,5,5
47,2,1,3,4,5,4,5,1,NA,1,NA,NA,5,5,6.16666666666667,4.66666666666667,4.9,47,8,18,8.25,8.5,6.5625,6.625,7,7,7,7,4.25,4.16666666666667,4,4,5,5,5,5
47,3,0,4,5,5,5,5,5,NA,1,NA,NA,5,5,6.16666666666667,5,4.9,47,8,18,8.25,8.5,6.5625,6.625,7,7,7,7,4.25,4.16666666666667,4,4,5,5,5,5
48,1,NA,NA,3,4,3,4,4,1,1,NA,NA,4,3.66666666666667,5.83333333333333,3.33333333333333,4.2,26,7.6,17,5.5,5.33333333333333,4.75,4.66666666666667,5.1875,5.125,5.41666666666667,5.16666666666667,4.25,4.16666666666667,4,4,4.16666666666667,3.83333333333333,3.88888888888889,4.22222222222222
48,2,0,-2,5,2,3,4,2,NA,1,NA,NA,4.66666666666667,4,4,3.66666666666667,4.2,26,7.6,17,5.5,5.33333333333333,4.75,4.66666666666667,5.1875,5.125,5.41666666666667,5.16666666666667,4.25,4.16666666666667,4,4,4.16666666666667,3.83333333333333,3.88888888888889,4.22222222222222
48,3,-2,3,4,3,2,5,4,NA,1,1,NA,4,4,4,3,4.2,26,7.6,17,5.5,5.33333333333333,4.75,4.66666666666667,5.1875,5.125,5.41666666666667,5.16666666666667,4.25,4.16666666666667,4,4,4.16666666666667,3.83333333333333,3.88888888888889,4.22222222222222
49,1,2,0,5,3,3,5,1,1,NA,1,NA,5,5,2,5,2.4,31,6.1,19,1,1,6.5,6.41666666666667,5.75,5.75,5.83333333333333,5.77777777777778,4.75,4.83333333333333,4.5,4.66666666666667,5,4.66666666666667,4.55555555555556,5
49,2,-1,0,4,4,3,5,1,NA,NA,NA,NA,5,3.66666666666667,2.33333333333333,3,2.4,31,6.1,19,1,1,6.5,6.41666666666667,5.75,5.75,5.83333333333333,5.77777777777778,4.75,4.83333333333333,4.5,4.66666666666667,5,4.66666666666667,4.55555555555556,5
49,3,-1,1,5,3,3,5,1,1,NA,NA,NA,5,5,2.33333333333333,3,2.4,31,6.1,19,1,1,6.5,6.41666666666667,5.75,5.75,5.83333333333333,5.77777777777778,4.75,4.83333333333333,4.5,4.66666666666667,5,4.66666666666667,4.55555555555556,5
50,1,-2,3,4,2,2,5,3,1,1,NA,NA,3.66666666666667,5,3.66666666666667,3,3.6,23,7.1,15,6,6,4.4375,4.20833333333333,6.875,6.91666666666667,6.25,6.16666666666667,3.75,3.83333333333333,3.25,3.5,4.25,4.75,5,4.33333333333333
50,2,1,-2,4,2,2,4,3,1,NA,NA,NA,4.33333333333333,5,3.5,3,3.6,23,7.1,15,6,6,4.4375,4.20833333333333,6.875,6.91666666666667,6.25,6.16666666666667,3.75,3.83333333333333,3.25,3.5,4.25,4.75,5,4.33333333333333
50,3,1,-2,4,2,2,4,4,1,NA,NA,NA,5,5,3,3,3.6,23,7.1,15,6,6,4.4375,4.20833333333333,6.875,6.91666666666667,6.25,6.16666666666667,3.75,3.83333333333333,3.25,3.5,4.25,4.75,5,4.33333333333333
51,1,3,2,5,5,5,5,3,1,NA,NA,NA,5,4,6,5,3.6,56,6.4,23,2.25,2.16666666666667,6.4375,6.45833333333333,7,7,6,5.88888888888889,4.75,4.83333333333333,4.75,4.83333333333333,5,4.5,4.66666666666667,5
51,2,2,2,5,4,4,5,2,NA,1,NA,NA,5,5,6.16666666666667,5,3.6,56,6.4,23,2.25,2.16666666666667,6.4375,6.45833333333333,7,7,6,5.88888888888889,4.75,4.83333333333333,4.75,4.83333333333333,5,4.5,4.66666666666667,5
51,3,3,3,5,4,4,5,2,NA,1,NA,NA,5,5,6,5,3.6,56,6.4,23,2.25,2.16666666666667,6.4375,6.45833333333333,7,7,6,5.88888888888889,4.75,4.83333333333333,4.75,4.83333333333333,5,4.5,4.66666666666667,5
51,4,3,3,5,4,4,5,3,NA,1,NA,NA,5,5,6,5,3.6,56,6.4,23,2.25,2.16666666666667,6.4375,6.45833333333333,7,7,6,5.88888888888889,4.75,4.83333333333333,4.75,4.83333333333333,5,4.5,4.66666666666667,5
51,5,3,3,5,4,4,5,3,NA,1,NA,NA,5,5,6.66666666666667,5,3.6,56,6.4,23,2.25,2.16666666666667,6.4375,6.45833333333333,7,7,6,5.88888888888889,4.75,4.83333333333333,4.75,4.83333333333333,5,4.5,4.66666666666667,5
51,6,3,3,5,4,4,5,3,1,NA,NA,NA,5,5,5.83333333333333,5,3.6,56,6.4,23,2.25,2.16666666666667,6.4375,6.45833333333333,7,7,6,5.88888888888889,4.75,4.83333333333333,4.75,4.83333333333333,5,4.5,4.66666666666667,5
52,1,2,1,5,4,4,5,2,NA,NA,NA,NA,5,5,6.83333333333333,5,3.7,49,9,3,5.75,4.5,6.1875,6.20833333333333,6.9375,6.95833333333333,5.75,5.5,5,5,4.25,4.16666666666667,3.83333333333333,3.75,3.33333333333333,3.55555555555556
52,2,2,1,5,5,4,5,2,1,1,1,NA,4.66666666666667,4,6.66666666666667,5,3.7,49,9,3,5.75,4.5,6.1875,6.20833333333333,6.9375,6.95833333333333,5.75,5.5,5,5,4.25,4.16666666666667,3.83333333333333,3.75,3.33333333333333,3.55555555555556
52,3,-1,1,5,4,4,5,1,1,NA,1,NA,1,1,6.33333333333333,5,3.7,49,9,3,5.75,4.5,6.1875,6.20833333333333,6.9375,6.95833333333333,5.75,5.5,5,5,4.25,4.16666666666667,3.83333333333333,3.75,3.33333333333333,3.55555555555556
53,1,2,2,4,5,5,5,3,NA,NA,1,NA,4.33333333333333,5,5.33333333333333,5,4.8,54,9.2,17,4.25,3.5,6.25,6.25,6.75,6.83333333333333,6.08333333333333,6.05555555555556,5,5,5,5,4.83333333333333,5,5,4.77777777777778
53,2,3,3,5,5,5,5,2,NA,NA,1,NA,5,5,5.83333333333333,5,4.8,54,9.2,17,4.25,3.5,6.25,6.25,6.75,6.83333333333333,6.08333333333333,6.05555555555556,5,5,5,5,4.83333333333333,5,5,4.77777777777778
53,3,0,4,3,4,4,5,2,NA,NA,1,NA,5,5,4.66666666666667,5,4.8,54,9.2,17,4.25,3.5,6.25,6.25,6.75,6.83333333333333,6.08333333333333,6.05555555555556,5,5,5,5,4.83333333333333,5,5,4.77777777777778
54,1,3,-2,5,4,4,5,1,NA,NA,NA,NA,5,5,4.66666666666667,5,4.5,33,8.5,16,2.75,2.83333333333333,6.1875,6.125,6.375,6.41666666666667,6.16666666666667,6.33333333333333,4.75,4.83333333333333,4.5,4.33333333333333,4.66666666666667,5,5,5
54,2,3,-1,5,2,2,5,1,1,NA,1,NA,5,5,4.33333333333333,4.66666666666667,4.5,33,8.5,16,2.75,2.83333333333333,6.1875,6.125,6.375,6.41666666666667,6.16666666666667,6.33333333333333,4.75,4.83333333333333,4.5,4.33333333333333,4.66666666666667,5,5,5
54,3,-1,-1,5,1,1,4,1,1,1,NA,NA,5,5,4,4.33333333333333,4.5,33,8.5,16,2.75,2.83333333333333,6.1875,6.125,6.375,6.41666666666667,6.16666666666667,6.33333333333333,4.75,4.83333333333333,4.5,4.33333333333333,4.66666666666667,5,5,5
55,1,2,0,5,4,4,3,1,1,NA,NA,NA,5,4.33333333333333,5,4,4.7,25,9.9,4,8.25,8.16666666666667,6.6875,6.79166666666667,5.5625,5.54166666666667,7,7,4.75,4.83333333333333,4.5,4.66666666666667,4.5,4,4.33333333333333,4.33333333333333
55,2,1,0,2,1,1,4,5,1,NA,NA,NA,3,4,4.83333333333333,4.66666666666667,4.7,25,9.9,4,8.25,8.16666666666667,6.6875,6.79166666666667,5.5625,5.54166666666667,7,7,4.75,4.83333333333333,4.5,4.66666666666667,4.5,4,4.33333333333333,4.33333333333333
55,3,1,1,5,4,4,5,2,1,NA,NA,NA,5,4.66666666666667,5.33333333333333,5,4.7,25,9.9,4,8.25,8.16666666666667,6.6875,6.79166666666667,5.5625,5.54166666666667,7,7,4.75,4.83333333333333,4.5,4.66666666666667,4.5,4,4.33333333333333,4.33333333333333
56,1,3,2,4,4,4,5,4,NA,1,NA,NA,5,4,5,5,4.1,38,8.9,18,5,5,5,5,6.625,6.5,5.66666666666667,5.66666666666667,3.25,3.16666666666667,3,3,4.91666666666667,4,4,4.88888888888889
56,2,3,1,2,5,4,5,5,1,1,NA,NA,4.66666666666667,4,5,5,4.1,38,8.9,18,5,5,5,5,6.625,6.5,5.66666666666667,5.66666666666667,3.25,3.16666666666667,3,3,4.91666666666667,4,4,4.88888888888889
56,3,2,1,2,4,3,5,4,1,1,NA,NA,5,4,3.66666666666667,5,4.1,38,8.9,18,5,5,5,5,6.625,6.5,5.66666666666667,5.66666666666667,3.25,3.16666666666667,3,3,4.91666666666667,4,4,4.88888888888889
57,1,-2,4,5,4,3,5,1,1,1,NA,NA,5,4.66666666666667,5,5,4.2,30,9.2,15,5.75,6.16666666666667,6.3125,6.125,6.3125,6.375,7,7,5,5,5,5,4.75,4.5,4.55555555555556,5
57,2,-4,4,5,4,3,4,1,1,1,1,NA,5,5,4.5,3.33333333333333,4.2,30,9.2,15,5.75,6.16666666666667,6.3125,6.125,6.3125,6.375,7,7,5,5,5,5,4.75,4.5,4.55555555555556,5
57,3,-4,2,3,3,3,3,1,1,NA,NA,NA,5,4,3.16666666666667,3,4.2,30,9.2,15,5.75,6.16666666666667,6.3125,6.125,6.3125,6.375,7,7,5,5,5,5,4.75,4.5,4.55555555555556,5
58,1,0,-3,5,4,3,5,3,1,NA,NA,NA,4.66666666666667,4,5,4.33333333333333,4.7,30,9.7,8,2.25,1.83333333333333,4.9375,4.875,5.4375,5.20833333333333,4.08333333333333,3.94444444444445,4.5,4.66666666666667,4.25,4.5,4.33333333333333,4.25,4.33333333333333,4.55555555555556
58,2,3,-2,4,3,3,5,3,NA,NA,NA,NA,5,5,4.5,5,4.7,30,9.7,8,2.25,1.83333333333333,4.9375,4.875,5.4375,5.20833333333333,4.08333333333333,3.94444444444445,4.5,4.66666666666667,4.25,4.5,4.33333333333333,4.25,4.33333333333333,4.55555555555556
58,3,1,0,4,3,3,4,2,NA,NA,NA,NA,4,4,4.66666666666667,4,4.7,30,9.7,8,2.25,1.83333333333333,4.9375,4.875,5.4375,5.20833333333333,4.08333333333333,3.94444444444445,4.5,4.66666666666667,4.25,4.5,4.33333333333333,4.25,4.33333333333333,4.55555555555556
59,1,3,4,5,5,4,5,5,1,1,1,NA,5,4.66666666666667,6.66666666666667,4,4.7,43,8.7,18,10,10,6.58333333333333,6.75,6.83333333333333,6.9,6.88888888888889,6.93333333333333,4.33333333333333,4.2,4,3.6,4.88888888888889,4.44444444444445,4.16666666666667,4.83333333333333
59,2,4,-3,5,5,2,5,3,1,1,1,NA,4.66666666666667,3.66666666666667,5.5,4.66666666666667,4.7,43,8.7,18,10,10,6.58333333333333,6.75,6.83333333333333,6.9,6.88888888888889,6.93333333333333,4.33333333333333,4.2,4,3.6,4.88888888888889,4.44444444444445,4.16666666666667,4.83333333333333
60,1,-1,-1,5,2,2,5,2,1,NA,NA,NA,5,4,3,3,4.1,23,7.5,17,2.25,1.83333333333333,5.0625,5.125,6.625,6.75,5.5,5.66666666666667,2.75,3.16666666666667,2.5,3,3.75,3.75,4,3.66666666666667
60,2,-2,1,4,2,2,4,3,NA,NA,NA,NA,4,4.33333333333333,2.83333333333333,3,4.1,23,7.5,17,2.25,1.83333333333333,5.0625,5.125,6.625,6.75,5.5,5.66666666666667,2.75,3.16666666666667,2.5,3,3.75,3.75,4,3.66666666666667
60,3,1,3,4,2,2,4,3,1,NA,NA,NA,2,3.66666666666667,2.33333333333333,3,4.1,23,7.5,17,2.25,1.83333333333333,5.0625,5.125,6.625,6.75,5.5,5.66666666666667,2.75,3.16666666666667,2.5,3,3.75,3.75,4,3.66666666666667
61,1,-1,2,4,2,2,5,2,1,1,1,NA,4.66666666666667,4.33333333333333,4.16666666666667,5,4.1,27,7.3,29,6,5.66666666666667,6.1875,5.95833333333333,6.9375,6.875,5.66666666666667,5.55555555555555,4,4,4,4,3.83333333333333,4.08333333333333,4.11111111111111,3.77777777777778
61,2,-1,1,4,4,4,5,1,1,1,NA,NA,2.66666666666667,4,4,5,4.1,27,7.3,29,6,5.66666666666667,6.1875,5.95833333333333,6.9375,6.875,5.66666666666667,5.55555555555555,4,4,4,4,3.83333333333333,4.08333333333333,4.11111111111111,3.77777777777778
61,3,1,2,4,2,3,5,2,1,1,1,NA,4,4,4.33333333333333,5,4.1,27,7.3,29,6,5.66666666666667,6.1875,5.95833333333333,6.9375,6.875,5.66666666666667,5.55555555555555,4,4,4,4,3.83333333333333,4.08333333333333,4.11111111111111,3.77777777777778
62,1,2,2,4,3,3,5,2,NA,1,NA,NA,5,5,4.33333333333333,5,4.3,35,8.6,10,4.5,4,6.25,6.25,6.4375,6.625,6.66666666666667,6.77777777777778,5,5,5,5,4.66666666666667,5,5,4.55555555555556
62,2,2,-2,5,3,3,5,1,NA,NA,1,NA,4.66666666666667,5,3.33333333333333,1,4.3,35,8.6,10,4.5,4,6.25,6.25,6.4375,6.625,6.66666666666667,6.77777777777778,5,5,5,5,4.66666666666667,5,5,4.55555555555556
62,3,0,-4,4,1,1,5,1,NA,1,NA,NA,4,5,3.16666666666667,5,4.3,35,8.6,10,4.5,4,6.25,6.25,6.4375,6.625,6.66666666666667,6.77777777777778,5,5,5,5,4.66666666666667,5,5,4.55555555555556
63,1,2,0,4,4,4,5,2,1,1,1,NA,4,4,4.83333333333333,4,3.7,36,7.7,22,2.25,1.83333333333333,5.375,5.25,5.0625,4.54166666666667,5.58333333333333,5.38888888888889,3.25,3.5,2.5,2.66666666666667,4.5,4.25,4.33333333333333,4.66666666666667
63,2,1,1,3,4,4,4,2,NA,NA,NA,NA,5,4.33333333333333,4.83333333333333,4,3.7,36,7.7,22,2.25,1.83333333333333,5.375,5.25,5.0625,4.54166666666667,5.58333333333333,5.38888888888889,3.25,3.5,2.5,2.66666666666667,4.5,4.25,4.33333333333333,4.66666666666667
63,3,1,1,4,4,4,4,2,NA,NA,NA,NA,5,4.66666666666667,5,4,3.7,36,7.7,22,2.25,1.83333333333333,5.375,5.25,5.0625,4.54166666666667,5.58333333333333,5.38888888888889,3.25,3.5,2.5,2.66666666666667,4.5,4.25,4.33333333333333,4.66666666666667
65,1,2,1,4,2,4,4,2,NA,NA,1,NA,3.33333333333333,4.66666666666667,4.5,4.66666666666667,4.6,31,9.4,14,4.5,4,5.3125,5.625,4.5,4.5,5.41666666666667,5.05555555555555,3.75,3.83333333333333,3.75,3.5,3.58333333333333,4.08333333333333,4.11111111111111,3.55555555555555
65,2,2,0,4,2,2,2,3,NA,NA,1,NA,3,4,1.83333333333333,3.33333333333333,4.6,31,9.4,14,4.5,4,5.3125,5.625,4.5,4.5,5.41666666666667,5.05555555555555,3.75,3.83333333333333,3.75,3.5,3.58333333333333,4.08333333333333,4.11111111111111,3.55555555555555
65,3,2,0,4,4,4,5,4,NA,1,1,NA,4.33333333333333,3.66666666666667,4.16666666666667,4.33333333333333,4.6,31,9.4,14,4.5,4,5.3125,5.625,4.5,4.5,5.41666666666667,5.05555555555555,3.75,3.83333333333333,3.75,3.5,3.58333333333333,4.08333333333333,4.11111111111111,3.55555555555555
66,1,2,-2,5,3,3,5,2,NA,1,NA,NA,5,4.33333333333333,3.66666666666667,3.66666666666667,4.8,28,8.5,6,5,5,5.6875,5.79166666666667,5.9375,5.79166666666667,6.08333333333333,6.05555555555556,3.75,3.83333333333333,3.25,3.16666666666667,4.66666666666667,3.66666666666667,3.77777777777778,4.66666666666667
66,2,2,-3,4,2,3,4,2,NA,NA,1,NA,5,4,3.66666666666667,3.33333333333333,4.8,28,8.5,6,5,5,5.6875,5.79166666666667,5.9375,5.79166666666667,6.08333333333333,6.05555555555556,3.75,3.83333333333333,3.25,3.16666666666667,4.66666666666667,3.66666666666667,3.77777777777778,4.66666666666667
66,3,2,-1,4,3,2,5,3,1,NA,NA,NA,4,3,3.16666666666667,3.66666666666667,4.8,28,8.5,6,5,5,5.6875,5.79166666666667,5.9375,5.79166666666667,6.08333333333333,6.05555555555556,3.75,3.83333333333333,3.25,3.16666666666667,4.66666666666667,3.66666666666667,3.77777777777778,4.66666666666667
67,1,2,1,4,2,3,4,1,1,NA,NA,NA,4,4,3.66666666666667,4,3.9,30,7.5,7,2.5,2.66666666666667,5.5,5.33333333333333,5.8125,5.70833333333333,5.75,5.83333333333333,3.75,3.83333333333333,3,3,4,3.83333333333333,3.77777777777778,4
67,2,-1,-2,4,2,3,4,2,1,NA,NA,NA,4,3.33333333333333,3.5,3,3.9,30,7.5,7,2.5,2.66666666666667,5.5,5.33333333333333,5.8125,5.70833333333333,5.75,5.83333333333333,3.75,3.83333333333333,3,3,4,3.83333333333333,3.77777777777778,4
67,3,0,-2,4,2,3,4,2,1,NA,NA,NA,4,4,3.83333333333333,3.33333333333333,3.9,30,7.5,7,2.5,2.66666666666667,5.5,5.33333333333333,5.8125,5.70833333333333,5.75,5.83333333333333,3.75,3.83333333333333,3,3,4,3.83333333333333,3.77777777777778,4
68,1,2,0,4,3,3,4,2,1,NA,NA,NA,5,5,2.83333333333333,5,3.6,60,6,5,1.5,1.33333333333333,5.1875,5.54166666666667,5.8125,6.04166666666667,6,6,4.25,4.5,3.5,3.66666666666667,4.66666666666667,4.33333333333333,4.66666666666667,4.66666666666667
68,2,4,-2,4,4,4,5,2,1,NA,NA,NA,5,4.66666666666667,4.5,5,3.6,60,6,5,1.5,1.33333333333333,5.1875,5.54166666666667,5.8125,6.04166666666667,6,6,4.25,4.5,3.5,3.66666666666667,4.66666666666667,4.33333333333333,4.66666666666667,4.66666666666667
68,3,-3,2,4,1,1,5,2,1,NA,NA,NA,4,4.33333333333333,1.66666666666667,3,3.6,60,6,5,1.5,1.33333333333333,5.1875,5.54166666666667,5.8125,6.04166666666667,6,6,4.25,4.5,3.5,3.66666666666667,4.66666666666667,4.33333333333333,4.66666666666667,4.66666666666667
69,1,0,0,5,2,3,5,1,1,1,1,NA,5,5,4,5,3.7,30,6.7,27,6,6,6.6875,6.70833333333333,7,7,5.25,5.16666666666667,5,5,5,5,4.83333333333333,5,5,4.77777777777778
69,2,1,-1,5,3,3,5,1,1,1,1,NA,4.33333333333333,5,4.16666666666667,5,3.7,30,6.7,27,6,6,6.6875,6.70833333333333,7,7,5.25,5.16666666666667,5,5,5,5,4.83333333333333,5,5,4.77777777777778
69,3,2,-1,5,3,3,4,1,1,1,1,NA,5,5,3,5,3.7,30,6.7,27,6,6,6.6875,6.70833333333333,7,7,5.25,5.16666666666667,5,5,5,5,4.83333333333333,5,5,4.77777777777778
70,1,3,0,5,3,4,4,1,NA,NA,NA,NA,5,5,3.66666666666667,3.33333333333333,4.6,27,9.7,28,6.5,6.66666666666667,6.5625,6.625,6.9375,6.95833333333333,6.58333333333333,6.38888888888889,5,5,4,4,4.75,4.41666666666667,4.22222222222222,4.88888888888889
70,2,3,-2,5,4,5,4,2,NA,1,NA,NA,5,3.66666666666667,4.5,3,4.6,27,9.7,28,6.5,6.66666666666667,6.5625,6.625,6.9375,6.95833333333333,6.58333333333333,6.38888888888889,5,5,4,4,4.75,4.41666666666667,4.22222222222222,4.88888888888889
70,3,3,0,5,4,4,4,5,NA,NA,1,NA,4.66666666666667,4,4.5,3.33333333333333,4.6,27,9.7,28,6.5,6.66666666666667,6.5625,6.625,6.9375,6.95833333333333,6.58333333333333,6.38888888888889,5,5,4,4,4.75,4.41666666666667,4.22222222222222,4.88888888888889
70,4,3,0,5,4,3,5,2,NA,NA,1,NA,5,3.33333333333333,4.33333333333333,3,4.6,27,9.7,28,6.5,6.66666666666667,6.5625,6.625,6.9375,6.95833333333333,6.58333333333333,6.38888888888889,5,5,4,4,4.75,4.41666666666667,4.22222222222222,4.88888888888889
71,1,3,1,4,3,4,5,1,1,1,1,NA,4.66666666666667,3.66666666666667,4.5,5,3.3,55,5.9,13,3.5,3,5.5625,5.375,5.8125,5.79166666666667,6.58333333333333,6.5,4.5,4.33333333333333,4,4,4.5,3.25,3.33333333333333,4.66666666666667
71,2,2,0,5,4,4,5,1,1,1,1,NA,5,3.33333333333333,4.83333333333333,5,3.3,55,5.9,13,3.5,3,5.5625,5.375,5.8125,5.79166666666667,6.58333333333333,6.5,4.5,4.33333333333333,4,4,4.5,3.25,3.33333333333333,4.66666666666667
71,3,2,-1,5,4,4,5,1,1,1,1,NA,4.33333333333333,3,4.83333333333333,5,3.3,55,5.9,13,3.5,3,5.5625,5.375,5.8125,5.79166666666667,6.58333333333333,6.5,4.5,4.33333333333333,4,4,4.5,3.25,3.33333333333333,4.66666666666667
72,1,-2,1,5,2,2,4,2,1,NA,NA,NA,3.66666666666667,5,3.5,3,2.4,28,4.9,28,1.75,1.83333333333333,5.9375,5.875,6,5.83333333333333,5.83333333333333,5.66666666666667,4,4,4,4,3.83333333333333,4.5,4.33333333333333,3.77777777777778
72,2,1,1,5,4,3,5,3,1,1,NA,NA,4,4,4.16666666666667,4,2.4,28,4.9,28,1.75,1.83333333333333,5.9375,5.875,6,5.83333333333333,5.83333333333333,5.66666666666667,4,4,4,4,3.83333333333333,4.5,4.33333333333333,3.77777777777778
72,3,2,2,4,4,3,4,2,1,NA,NA,NA,3.66666666666667,4,4.66666666666667,4.33333333333333,2.4,28,4.9,28,1.75,1.83333333333333,5.9375,5.875,6,5.83333333333333,5.83333333333333,5.66666666666667,4,4,4,4,3.83333333333333,4.5,4.33333333333333,3.77777777777778
73,1,-1,0,5,1,4,4,4,1,1,1,NA,5,1.66666666666667,4.16666666666667,3.66666666666667,4.7,34,8.8,15,6.25,6.16666666666667,6.0625,6.375,6.875,6.91666666666667,6.16666666666667,6.33333333333333,5,5,4,4,4.83333333333333,3.16666666666667,2.77777777777778,5
73,2,-4,-2,5,4,4,4,4,1,1,NA,NA,5,4.33333333333333,2.16666666666667,5,4.7,34,8.8,15,6.25,6.16666666666667,6.0625,6.375,6.875,6.91666666666667,6.16666666666667,6.33333333333333,5,5,4,4,4.83333333333333,3.16666666666667,2.77777777777778,5
73,3,-4,-3,5,1,1,5,1,1,1,NA,NA,5,2.33333333333333,1.16666666666667,2,4.7,34,8.8,15,6.25,6.16666666666667,6.0625,6.375,6.875,6.91666666666667,6.16666666666667,6.33333333333333,5,5,4,4,4.83333333333333,3.16666666666667,2.77777777777778,5
74,1,0,-2,5,3,3,5,4,1,1,NA,NA,4.66666666666667,3.66666666666667,4.33333333333333,4.66666666666667,3.8,26,7,26,6.25,6.83333333333333,3.625,3.58333333333333,4.5625,4.79166666666667,2.33333333333333,2.44444444444445,4,4,4.25,4.5,3.33333333333333,3.5,3,2.88888888888889
74,2,3,0,5,2,2,2,2,NA,NA,NA,NA,1,1.33333333333333,3,3.66666666666667,3.8,26,7,26,6.25,6.83333333333333,3.625,3.58333333333333,4.5625,4.79166666666667,2.33333333333333,2.44444444444445,4,4,4.25,4.5,3.33333333333333,3.5,3,2.88888888888889
74,3,1,0,4,2,2,4,2,1,1,NA,NA,3,4,3.16666666666667,2.33333333333333,3.8,26,7,26,6.25,6.83333333333333,3.625,3.58333333333333,4.5625,4.79166666666667,2.33333333333333,2.44444444444445,4,4,4.25,4.5,3.33333333333333,3.5,3,2.88888888888889
75,1,3,0,5,4,3,5,1,1,1,NA,NA,5,5,5,5,3.6,37,7.5,33,5,5,5.75,5.5,7,7,6.58333333333333,6.72222222222222,4.5,4.33333333333333,4.5,4.33333333333333,5,5,5,5
75,2,2,3,5,5,5,5,1,1,1,1,NA,5,5,5.83333333333333,5,3.6,37,7.5,33,5,5,5.75,5.5,7,7,6.58333333333333,6.72222222222222,4.5,4.33333333333333,4.5,4.33333333333333,5,5,5,5
75,3,2,2,5,5,4,5,1,1,1,1,NA,5,5,6.16666666666667,5,3.6,37,7.5,33,5,5,5.75,5.5,7,7,6.58333333333333,6.72222222222222,4.5,4.33333333333333,4.5,4.33333333333333,5,5,5,5
76,1,1,0,4,3,4,4,2,NA,1,1,NA,4,4,4.5,5,3.2,41,7,23,6,6,5.4375,5.375,5.1875,5.125,5.83333333333333,5.77777777777778,4,4,4,4,4.58333333333333,4.66666666666667,4.55555555555556,4.55555555555556
76,2,1,0,4,2,2,4,2,1,NA,NA,NA,5,4.66666666666667,4.16666666666667,4.33333333333333,3.2,41,7,23,6,6,5.4375,5.375,5.1875,5.125,5.83333333333333,5.77777777777778,4,4,4,4,4.58333333333333,4.66666666666667,4.55555555555556,4.55555555555556
76,3,1,1,4,3,3,4,2,1,1,NA,NA,4.66666666666667,5,3.66666666666667,5,3.2,41,7,23,6,6,5.4375,5.375,5.1875,5.125,5.83333333333333,5.77777777777778,4,4,4,4,4.58333333333333,4.66666666666667,4.55555555555556,4.55555555555556
77,1,0,2,4,3,3,4,2,1,1,NA,NA,4,4,4.5,3,4.4,29,8.3,1,8.33333333333333,8.6,5.91666666666667,5.95,6.83333333333333,6.9,6.66666666666667,6.4,4.33333333333333,4.6,3,3,4.22222222222222,4.44444444444444,4.5,4
77,2,3,1,4,5,4,5,3,NA,NA,1,NA,4,5,5.16666666666667,5,4.4,29,8.3,1,8.33333333333333,8.6,5.91666666666667,5.95,6.83333333333333,6.9,6.66666666666667,6.4,4.33333333333333,4.6,3,3,4.22222222222222,4.44444444444444,4.5,4
77,4,4,0,3,3,2,5,5,1,NA,1,NA,4,4,5.5,2.66666666666667,4.4,29,8.3,1,8.33333333333333,8.6,5.91666666666667,5.95,6.83333333333333,6.9,6.66666666666667,6.4,4.33333333333333,4.6,3,3,4.22222222222222,4.44444444444444,4.5,4
78,1,-3,3,1,4,1,4,5,1,NA,NA,NA,2,3.33333333333333,4.16666666666667,4.33333333333333,3.6,24,8.7,6,5,5,5.1875,5.04166666666667,6.75,6.5,5.5,5.22222222222222,3.25,2.83333333333333,3,3,3.66666666666667,4.58333333333333,4.44444444444444,3.66666666666667
78,2,2,2,4,4,4,5,2,1,NA,NA,NA,4,5,4.66666666666667,4.33333333333333,3.6,24,8.7,6,5,5,5.1875,5.04166666666667,6.75,6.5,5.5,5.22222222222222,3.25,2.83333333333333,3,3,3.66666666666667,4.58333333333333,4.44444444444444,3.66666666666667
78,3,2,-1,5,4,4,5,2,1,NA,NA,NA,5,5,5.83333333333333,5,3.6,24,8.7,6,5,5,5.1875,5.04166666666667,6.75,6.5,5.5,5.22222222222222,3.25,2.83333333333333,3,3,3.66666666666667,4.58333333333333,4.44444444444444,3.66666666666667
79,1,4,-2,4,4,2,4,2,1,1,1,NA,4,4.33333333333333,4.83333333333333,4.33333333333333,3.9,30,8.9,1,5,5,4.5,4.4,6.25,6.45,4.77777777777778,4.86666666666667,4,4,3.66666666666667,3.8,4,4,4,4
79,2,0,0,4,2,2,4,3,NA,NA,NA,NA,4,3.66666666666667,5.5,4,3.9,30,8.9,1,5,5,4.5,4.4,6.25,6.45,4.77777777777778,4.86666666666667,4,4,3.66666666666667,3.8,4,4,4,4
81,1,2,1,4,3,3,4,4,1,1,NA,NA,5,5,3.16666666666667,5,3.4,37,6.9,1,6.5,6.33333333333333,5.75,5.75,6.6875,6.54166666666667,6,6,5,5,4,4,4.75,4.33333333333333,4.66666666666667,5
81,2,1,2,4,3,3,4,2,1,1,NA,NA,5,5,3.5,5,3.4,37,6.9,1,6.5,6.33333333333333,5.75,5.75,6.6875,6.54166666666667,6,6,5,5,4,4,4.75,4.33333333333333,4.66666666666667,5
81,3,2,2,5,3,3,5,2,1,NA,NA,NA,5,4,4.33333333333333,4,3.4,37,6.9,1,6.5,6.33333333333333,5.75,5.75,6.6875,6.54166666666667,6,6,5,5,4,4,4.75,4.33333333333333,4.66666666666667,5
82,1,3,-2,3,5,3,5,1,1,NA,NA,NA,3,1,4.66666666666667,5,2.8,27,7.9,1,6,5,5,4.5,5.8125,5.54166666666667,5.25,4.94444444444444,3.5,3,3.75,3.16666666666667,4.16666666666667,3,3,4.11111111111111
82,2,1,-4,5,4,3,5,1,1,NA,NA,NA,4.33333333333333,3,3,5,2.8,27,7.9,1,6,5,5,4.5,5.8125,5.54166666666667,5.25,4.94444444444444,3.5,3,3.75,3.16666666666667,4.16666666666667,3,3,4.11111111111111
82,3,3,1,5,3,4,5,1,NA,NA,NA,NA,5,5,4.5,5,2.8,27,7.9,1,6,5,5,4.5,5.8125,5.54166666666667,5.25,4.94444444444444,3.5,3,3.75,3.16666666666667,4.16666666666667,3,3,4.11111111111111
84,1,3,3,5,4,4,5,2,NA,NA,1,NA,5,5,5.66666666666667,5,4.6,31,10,1,7,7,6.875,6.83333333333333,7,7,6.5,6.55555555555556,5,5,5,5,4.91666666666667,5,5,4.88888888888889
84,2,3,2,5,4,5,5,2,NA,NA,NA,NA,4.66666666666667,5,5.66666666666667,5,4.6,31,10,1,7,7,6.875,6.83333333333333,7,7,6.5,6.55555555555556,5,5,5,5,4.91666666666667,5,5,4.88888888888889
84,3,3,3,5,4,5,5,2,NA,NA,NA,NA,5,5,5.16666666666667,5,4.6,31,10,1,7,7,6.875,6.83333333333333,7,7,6.5,6.55555555555556,5,5,5,5,4.91666666666667,5,5,4.88888888888889
85,1,0,0,5,1,1,5,1,1,NA,1,NA,3,4,3.16666666666667,3,4.2,44,9.2,1,3.66666666666667,4.2,5.08333333333333,4.95,5.25,4.95,4.55555555555556,3.93333333333333,4.66666666666667,4.8,4.66666666666667,4.8,3.33333333333333,3.44444444444444,4,3.5
85,2,0,0,5,2,2,4,2,1,NA,1,NA,4,4,3.66666666666667,3,4.2,44,9.2,1,3.66666666666667,4.2,5.08333333333333,4.95,5.25,4.95,4.55555555555556,3.93333333333333,4.66666666666667,4.8,4.66666666666667,4.8,3.33333333333333,3.44444444444444,4,3.5
